{
	"pages": [ //pages数组中第一项表示应用启动页，参考：https://uniapp.dcloud.io/collocation/pages
		{
			"path": "pages/index/index",
			"style": {
				"navigationBarTitleText": "师资名单",
				"enablePullDownRefresh": true,
				"onReachBottomDistance": 200
			}
		},
		{
			"path": "pages/index/detail",
			"style": {
				"navigationBarTitleText": "教师详情"
			}
		},
		{
			"path": "pages/index/filter",
			"style": {
				"navigationBarTitleText": "筛选页"
			}
		},
		{
			"path": "pages/index/components/page1",
			"style": {
				"navigationBarTitleText": "系所检索"
			}
		},
		{
			"path": "pages/index/components/page2",
			"style": {
				"navigationBarTitleText": "职称检索"
			}
		},
		{
			"path": "pages/index/components/page3",
			"style": {
				"navigationBarTitleText": "姓名检索"
			}
		},
		{
			"path": "pages/index/components/page4",
			"style": {
				"navigationBarTitleText": "教师总览"
			}
		}
	],
	"globalStyle": {
		"navigationBarTextStyle": "black",
		"navigationBarTitleText": "uni-app",
		"navigationBarBackgroundColor": "#F8F8F8",
		"backgroundColor": "#F8F8F8"
	},
	"uniIdRouter": {}
}
